,Count,Percentage
Infrastructure,33,40.74074074074074
Blockchain,24,29.629629629629626
Industrial,11,13.580246913580247
Social VR,9,11.11111111111111
Game Engine,4,4.938271604938271
