Dimension,NumClasses,Kappa,N
AgentRole,12,0.7088646023072253,137
ApplicationDomain,13,0.8128763891475757,137
Challenges,9,0.8797341359418109,137
EvaluationMethod,9,0.7664262295081967,137
PlatformType,11,0.8023212045169386,137
